{
  "Overall": {
    "NDCG@10": 0.23904280364513397,
    "HR@10": 0.3124594986438751,
    "MRR": 0.22486497461795807,
    "count": 4631
  },
  "etype_NativeClick": {
    "NDCG@10": 0.2351914495229721,
    "HR@10": 0.30822595953941345,
    "MRR": 0.22118091583251953,
    "count": 3027
  },
  "etype_SearchClick": {
    "NDCG@10": 0.24631081521511078,
    "HR@10": 0.3204488754272461,
    "MRR": 0.23181740939617157,
    "count": 1604
  },
  "group_Ad": {
    "NDCG@10": 0.23904280364513397,
    "HR@10": 0.3124594986438751,
    "MRR": 0.22486497461795807,
    "count": 4631
  }
}