{
  "Overall": {
    "NDCG@10": 9.858277917373925e-05,
    "HR@10": 0.00015624999650754035,
    "MRR": 0.0005573894595727324,
    "count": 6400
  },
  "etype_NativeClick": {
    "NDCG@10": 0.0,
    "HR@10": 0.0,
    "MRR": 0.0009118040907196701,
    "count": 369
  },
  "etype_SearchClick": {
    "NDCG@10": 0.0,
    "HR@10": 0.0,
    "MRR": 0.0022710871417075396,
    "count": 39
  },
  "etype_EdgePageTitle": {
    "NDCG@10": 0.0,
    "HR@10": 0.0,
    "MRR": 0.00041804826469160616,
    "count": 1089
  },
  "etype_EdgeSearchQuery": {
    "NDCG@10": 0.0,
    "HR@10": 0.0,
    "MRR": 0.0003998400061391294,
    "count": 105
  },
  "etype_OrganicSearchQuery": {
    "NDCG@10": 0.0,
    "HR@10": 0.0,
    "MRR": 0.0004976311465725303,
    "count": 846
  },
  "etype_UET": {
    "NDCG@10": 0.000275515194516629,
    "HR@10": 0.00043668123544193804,
    "MRR": 0.0006352675845846534,
    "count": 2290
  },
  "etype_OutlookSenderDomain": {
    "NDCG@10": 0.0,
    "HR@10": 0.0,
    "MRR": 0.0005912516498938203,
    "count": 324
  },
  "etype_UETShoppingCart": {
    "NDCG@10": 0.0,
    "HR@10": 0.0,
    "MRR": 0.0026111535262316465,
    "count": 5
  },
  "etype_UETShoppingView": {
    "NDCG@10": 0.0,
    "HR@10": 0.0,
    "MRR": 0.00047267391346395016,
    "count": 59
  },
  "etype_AbandonCart": {
    "NDCG@10": 0.0,
    "HR@10": 0.0,
    "MRR": 0.0006278709042817354,
    "count": 61
  },
  "etype_EdgeShoppingCart": {
    "NDCG@10": 0.0,
    "HR@10": 0.0,
    "MRR": 0.0003998400643467903,
    "count": 3
  },
  "group_Ad": {
    "NDCG@10": 0.0,
    "HR@10": 0.0,
    "MRR": 0.0010417354060336947,
    "count": 408
  },
  "group_Browsing": {
    "NDCG@10": 0.00018351651669945568,
    "HR@10": 0.0002908667956944555,
    "MRR": 0.0005636722198687494,
    "count": 3438
  },
  "group_Search": {
    "NDCG@10": 0.0,
    "HR@10": 0.0,
    "MRR": 0.00048683403292670846,
    "count": 951
  },
  "group_Purchase": {
    "NDCG@10": 0.0,
    "HR@10": 0.0,
    "MRR": 0.0007616726215928793,
    "count": 69
  },
  "group_Others": {
    "NDCG@10": 0.0,
    "HR@10": 0.0,
    "MRR": 0.0005912516498938203,
    "count": 324
  }
}