{
  "Overall": {
    "NDCG@10": 0.012153396382927895,
    "HR@10": 0.020625000819563866,
    "MRR": 0.012761625461280346,
    "count": 6400
  },
  "etype_NativeClick": {
    "NDCG@10": 0.01978881098330021,
    "HR@10": 0.03252032399177551,
    "MRR": 0.020733214914798737,
    "count": 369
  },
  "etype_SearchClick": {
    "NDCG@10": 0.025641025975346565,
    "HR@10": 0.025641025975346565,
    "MRR": 0.03133649006485939,
    "count": 39
  },
  "etype_EdgePageTitle": {
    "NDCG@10": 0.019094234332442284,
    "HR@10": 0.032139576971530914,
    "MRR": 0.01864888146519661,
    "count": 1089
  },
  "etype_EdgeSearchQuery": {
    "NDCG@10": 0.019245442003011703,
    "HR@10": 0.03809523954987526,
    "MRR": 0.02007869817316532,
    "count": 105
  },
  "etype_OrganicSearchQuery": {
    "NDCG@10": 0.00039401103276759386,
    "HR@10": 0.0011820330983027816,
    "MRR": 0.00278720841743052,
    "count": 846
  },
  "etype_UET": {
    "NDCG@10": 0.014324956573545933,
    "HR@10": 0.023144105449318886,
    "MRR": 0.014506305567920208,
    "count": 2290
  },
  "etype_OutlookSenderDomain": {
    "NDCG@10": 0.0,
    "HR@10": 0.0,
    "MRR": 0.0003998400643467903,
    "count": 324
  },
  "etype_UETShoppingCart": {
    "NDCG@10": 0.0,
    "HR@10": 0.0,
    "MRR": 0.0003998400643467903,
    "count": 5
  },
  "etype_UETShoppingView": {
    "NDCG@10": 0.0,
    "HR@10": 0.0,
    "MRR": 0.002557553583756089,
    "count": 59
  },
  "etype_AbandonCart": {
    "NDCG@10": 0.0058394623920321465,
    "HR@10": 0.016393441706895828,
    "MRR": 0.003788709407672286,
    "count": 61
  },
  "etype_EdgeShoppingCart": {
    "NDCG@10": 0.0,
    "HR@10": 0.0,
    "MRR": 0.0013315227115526795,
    "count": 3
  },
  "group_Ad": {
    "NDCG@10": 0.020348215475678444,
    "HR@10": 0.03186274692416191,
    "MRR": 0.021746763959527016,
    "count": 408
  },
  "group_Browsing": {
    "NDCG@10": 0.015589811839163303,
    "HR@10": 0.02559627778828144,
    "MRR": 0.015613428317010403,
    "count": 3438
  },
  "group_Search": {
    "NDCG@10": 0.0024753992911428213,
    "HR@10": 0.005257623735815287,
    "MRR": 0.00469636358320713,
    "count": 951
  },
  "group_Purchase": {
    "NDCG@10": 0.005162423010915518,
    "HR@10": 0.014492753893136978,
    "MRR": 0.003436305094510317,
    "count": 69
  },
  "group_Others": {
    "NDCG@10": 0.0,
    "HR@10": 0.0,
    "MRR": 0.0003998400643467903,
    "count": 324
  }
}