{
  "Overall": {
    "NDCG@10": 0.0015406268648803234,
    "HR@10": 0.0034374999813735485,
    "MRR": 0.002144892467185855,
    "count": 6400
  },
  "etype_NativeClick": {
    "NDCG@10": 0.0,
    "HR@10": 0.0,
    "MRR": 0.0007996327476575971,
    "count": 369
  },
  "etype_SearchClick": {
    "NDCG@10": 0.0,
    "HR@10": 0.0,
    "MRR": 0.0017212829552590847,
    "count": 39
  },
  "etype_EdgePageTitle": {
    "NDCG@10": 0.004415072500705719,
    "HR@10": 0.009182736277580261,
    "MRR": 0.005095455329865217,
    "count": 1089
  },
  "etype_EdgeSearchQuery": {
    "NDCG@10": 0.002866952447220683,
    "HR@10": 0.009523809887468815,
    "MRR": 0.0018134242855012417,
    "count": 105
  },
  "etype_OrganicSearchQuery": {
    "NDCG@10": 0.0,
    "HR@10": 0.0,
    "MRR": 0.0004226086020935327,
    "count": 846
  },
  "etype_UET": {
    "NDCG@10": 0.0013134970795363188,
    "HR@10": 0.003056768560782075,
    "MRR": 0.0022720342967659235,
    "count": 2290
  },
  "etype_OutlookSenderDomain": {
    "NDCG@10": 0.0,
    "HR@10": 0.0,
    "MRR": 0.0005040927208028734,
    "count": 324
  },
  "etype_UETShoppingCart": {
    "NDCG@10": 0.0,
    "HR@10": 0.0,
    "MRR": 0.0005167903145775199,
    "count": 5
  },
  "etype_UETShoppingView": {
    "NDCG@10": 0.015031403861939907,
    "HR@10": 0.033898305147886276,
    "MRR": 0.010955686680972576,
    "count": 59
  },
  "etype_AbandonCart": {
    "NDCG@10": 0.0,
    "HR@10": 0.0,
    "MRR": 0.0009335334761999547,
    "count": 61
  },
  "etype_EdgeShoppingCart": {
    "NDCG@10": 0.0,
    "HR@10": 0.0,
    "MRR": 0.00237546325661242,
    "count": 3
  },
  "group_Ad": {
    "NDCG@10": 0.0,
    "HR@10": 0.0,
    "MRR": 0.0008877316140569746,
    "count": 408
  },
  "group_Browsing": {
    "NDCG@10": 0.0025313482619822025,
    "HR@10": 0.005526469089090824,
    "MRR": 0.0033153851982206106,
    "count": 3438
  },
  "group_Search": {
    "NDCG@10": 0.0003165405069012195,
    "HR@10": 0.0010515246540307999,
    "MRR": 0.0005761687061749399,
    "count": 951
  },
  "group_Purchase": {
    "NDCG@10": 0.0,
    "HR@10": 0.0,
    "MRR": 0.0009660272626206279,
    "count": 69
  },
  "group_Others": {
    "NDCG@10": 0.0,
    "HR@10": 0.0,
    "MRR": 0.0005040927208028734,
    "count": 324
  }
}