{
  "Overall": {
    "NDCG@10": 0.021032938733696938,
    "HR@10": 0.03296874836087227,
    "MRR": 0.021817173808813095,
    "count": 6400
  },
  "etype_NativeClick": {
    "NDCG@10": 0.005197326187044382,
    "HR@10": 0.01084010861814022,
    "MRR": 0.005576631985604763,
    "count": 369
  },
  "etype_SearchClick": {
    "NDCG@10": 0.0,
    "HR@10": 0.0,
    "MRR": 0.004124599043279886,
    "count": 39
  },
  "etype_EdgePageTitle": {
    "NDCG@10": 0.030944565311074257,
    "HR@10": 0.04775023087859154,
    "MRR": 0.029758993536233902,
    "count": 1089
  },
  "etype_EdgeSearchQuery": {
    "NDCG@10": 0.0,
    "HR@10": 0.0,
    "MRR": 0.0011679062154144049,
    "count": 105
  },
  "etype_OrganicSearchQuery": {
    "NDCG@10": 0.0,
    "HR@10": 0.0,
    "MRR": 0.0011831071460619569,
    "count": 846
  },
  "etype_UET": {
    "NDCG@10": 0.03346320241689682,
    "HR@10": 0.05109170451760292,
    "MRR": 0.03392267972230911,
    "count": 2290
  },
  "etype_OutlookSenderDomain": {
    "NDCG@10": 0.0,
    "HR@10": 0.0,
    "MRR": 0.0003998400643467903,
    "count": 324
  },
  "etype_UETShoppingCart": {
    "NDCG@10": 0.0,
    "HR@10": 0.0,
    "MRR": 0.0008616638369858265,
    "count": 5
  },
  "etype_UETShoppingView": {
    "NDCG@10": 0.012199006974697113,
    "HR@10": 0.033898305147886276,
    "MRR": 0.007868988439440727,
    "count": 59
  },
  "etype_AbandonCart": {
    "NDCG@10": 0.008196720853447914,
    "HR@10": 0.016393441706895828,
    "MRR": 0.006994293536990881,
    "count": 61
  },
  "etype_EdgeShoppingCart": {
    "NDCG@10": 0.0,
    "HR@10": 0.0,
    "MRR": 0.0003998400643467903,
    "count": 3
  },
  "group_Ad": {
    "NDCG@10": 0.0047005233354866505,
    "HR@10": 0.009803921915590763,
    "MRR": 0.005437834654003382,
    "count": 408
  },
  "group_Browsing": {
    "NDCG@10": 0.032300498336553574,
    "HR@10": 0.04973822087049484,
    "MRR": 0.03215670585632324,
    "count": 3438
  },
  "group_Search": {
    "NDCG@10": 0.0,
    "HR@10": 0.0,
    "MRR": 0.0011814289027824998,
    "count": 951
  },
  "group_Purchase": {
    "NDCG@10": 0.007246376946568489,
    "HR@10": 0.014492753893136978,
    "MRR": 0.006263184826821089,
    "count": 69
  },
  "group_Others": {
    "NDCG@10": 0.0,
    "HR@10": 0.0,
    "MRR": 0.0003998400643467903,
    "count": 324
  }
}