{
  "Overall": {
    "NDCG@10": 0.013010062277317047,
    "HR@10": 0.02500000037252903,
    "MRR": 0.012072348967194557,
    "count": 6400
  },
  "etype_NativeClick": {
    "NDCG@10": 0.00965991709381342,
    "HR@10": 0.024390242993831635,
    "MRR": 0.008975337259471416,
    "count": 369
  },
  "etype_SearchClick": {
    "NDCG@10": 0.018454907462000847,
    "HR@10": 0.05128205195069313,
    "MRR": 0.010652236640453339,
    "count": 39
  },
  "etype_EdgePageTitle": {
    "NDCG@10": 0.03102605789899826,
    "HR@10": 0.04958677664399147,
    "MRR": 0.028388718143105507,
    "count": 1089
  },
  "etype_EdgeSearchQuery": {
    "NDCG@10": 0.013421732932329178,
    "HR@10": 0.03809523954987526,
    "MRR": 0.009780130349099636,
    "count": 105
  },
  "etype_OrganicSearchQuery": {
    "NDCG@10": 0.03070003166794777,
    "HR@10": 0.06382978707551956,
    "MRR": 0.0271111112087965,
    "count": 846
  },
  "etype_UET": {
    "NDCG@10": 0.003362055169418454,
    "HR@10": 0.006986899767071009,
    "MRR": 0.004202950745820999,
    "count": 2290
  },
  "etype_OutlookSenderDomain": {
    "NDCG@10": 0.01814495213329792,
    "HR@10": 0.03703703731298447,
    "MRR": 0.014265918172895908,
    "count": 324
  },
  "etype_UETShoppingCart": {
    "NDCG@10": 0.0,
    "HR@10": 0.0,
    "MRR": 0.0003998400643467903,
    "count": 5
  },
  "etype_UETShoppingView": {
    "NDCG@10": 0.0,
    "HR@10": 0.0,
    "MRR": 0.0008131400682032108,
    "count": 59
  },
  "etype_AbandonCart": {
    "NDCG@10": 0.0,
    "HR@10": 0.0,
    "MRR": 0.0004292759404052049,
    "count": 61
  },
  "etype_EdgeShoppingCart": {
    "NDCG@10": 0.0,
    "HR@10": 0.0,
    "MRR": 0.00048244951176457107,
    "count": 3
  },
  "group_Ad": {
    "NDCG@10": 0.010500614531338215,
    "HR@10": 0.026960784569382668,
    "MRR": 0.00913562998175621,
    "count": 408
  },
  "group_Browsing": {
    "NDCG@10": 0.012067039497196674,
    "HR@10": 0.02036067470908165,
    "MRR": 0.011805715039372444,
    "count": 3438
  },
  "group_Search": {
    "NDCG@10": 0.028792336583137512,
    "HR@10": 0.06098843365907669,
    "MRR": 0.025197595357894897,
    "count": 951
  },
  "group_Purchase": {
    "NDCG@10": 0.0,
    "HR@10": 0.0,
    "MRR": 0.000429454812547192,
    "count": 69
  },
  "group_Others": {
    "NDCG@10": 0.01814495213329792,
    "HR@10": 0.03703703731298447,
    "MRR": 0.014265918172895908,
    "count": 324
  }
}