{
  "Overall": {
    "NDCG@10": 0.59825599193573,
    "HR@10": 0.619535505771637,
    "MRR": 0.594809353351593,
    "count": 7320
  },
  "etype_NativeClick": {
    "NDCG@10": 0.0033661474008113146,
    "HR@10": 0.004854368977248669,
    "MRR": 0.003929018974304199,
    "count": 412
  },
  "etype_SearchClick": {
    "NDCG@10": 0.0,
    "HR@10": 0.0,
    "MRR": 0.0007926539983600378,
    "count": 41
  },
  "etype_EdgePageTitle": {
    "NDCG@10": 0.7355588674545288,
    "HR@10": 0.7606084942817688,
    "MRR": 0.7309339642524719,
    "count": 1249
  },
  "etype_EdgeSearchQuery": {
    "NDCG@10": 0.82145756483078,
    "HR@10": 0.8629032373428345,
    "MRR": 0.8123434782028198,
    "count": 124
  },
  "etype_OrganicSearchQuery": {
    "NDCG@10": 0.5701742768287659,
    "HR@10": 0.646391749382019,
    "MRR": 0.5557994246482849,
    "count": 970
  },
  "etype_UET": {
    "NDCG@10": 0.6241110563278198,
    "HR@10": 0.631477952003479,
    "MRR": 0.6238025426864624,
    "count": 2605
  },
  "etype_OutlookSenderDomain": {
    "NDCG@10": 0.0,
    "HR@10": 0.0,
    "MRR": 0.0004084024403709918,
    "count": 382
  },
  "etype_UETShoppingCart": {
    "NDCG@10": 0.0,
    "HR@10": 0.0,
    "MRR": 0.0005414287443272769,
    "count": 5
  },
  "etype_UETShoppingView": {
    "NDCG@10": 0.35426509380340576,
    "HR@10": 0.36986300349235535,
    "MRR": 0.3506995737552643,
    "count": 73
  },
  "etype_AbandonCart": {
    "NDCG@10": 0.02083333395421505,
    "HR@10": 0.02777777798473835,
    "MRR": 0.02604023553431034,
    "count": 72
  },
  "etype_EdgeShoppingCart": {
    "NDCG@10": 0.0,
    "HR@10": 0.0,
    "MRR": 0.006960072088986635,
    "count": 3
  },
  "group_Ad": {
    "NDCG@10": 0.0030614850111305714,
    "HR@10": 0.004415011033415794,
    "MRR": 0.0036451537162065506,
    "count": 453
  },
  "group_Browsing": {
    "NDCG@10": 0.6545412540435791,
    "HR@10": 0.6676852703094482,
    "MRR": 0.6527993679046631,
    "count": 3927
  },
  "group_Search": {
    "NDCG@10": 0.5986561179161072,
    "HR@10": 0.6709323525428772,
    "MRR": 0.584877610206604,
    "count": 1094
  },
  "group_Purchase": {
    "NDCG@10": 0.01875000074505806,
    "HR@10": 0.02500000037252903,
    "MRR": 0.023731056600809097,
    "count": 80
  },
  "group_Others": {
    "NDCG@10": 0.0,
    "HR@10": 0.0,
    "MRR": 0.0004084024403709918,
    "count": 382
  }
}