{
  "Overall": {
    "NDCG@10": 7.812499825377017e-05,
    "HR@10": 0.00015624999650754035,
    "MRR": 0.0005324350204318762,
    "count": 6400
  },
  "etype_NativeClick": {
    "NDCG@10": 0.0,
    "HR@10": 0.0,
    "MRR": 0.0009207825642079115,
    "count": 369
  },
  "etype_SearchClick": {
    "NDCG@10": 0.0,
    "HR@10": 0.0,
    "MRR": 0.0020957596134394407,
    "count": 39
  },
  "etype_EdgePageTitle": {
    "NDCG@10": 0.0,
    "HR@10": 0.0,
    "MRR": 0.0004192838096059859,
    "count": 1089
  },
  "etype_EdgeSearchQuery": {
    "NDCG@10": 0.0,
    "HR@10": 0.0,
    "MRR": 0.0003998400061391294,
    "count": 105
  },
  "etype_OrganicSearchQuery": {
    "NDCG@10": 0.0,
    "HR@10": 0.0,
    "MRR": 0.0005029197782278061,
    "count": 846
  },
  "etype_UET": {
    "NDCG@10": 0.00021834061772096902,
    "HR@10": 0.00043668123544193804,
    "MRR": 0.0005632828688248992,
    "count": 2290
  },
  "etype_OutlookSenderDomain": {
    "NDCG@10": 0.0,
    "HR@10": 0.0,
    "MRR": 0.0005903613055124879,
    "count": 324
  },
  "etype_UETShoppingCart": {
    "NDCG@10": 0.0,
    "HR@10": 0.0,
    "MRR": 0.0027501462027430534,
    "count": 5
  },
  "etype_UETShoppingView": {
    "NDCG@10": 0.0,
    "HR@10": 0.0,
    "MRR": 0.0004778644652105868,
    "count": 59
  },
  "etype_AbandonCart": {
    "NDCG@10": 0.0,
    "HR@10": 0.0,
    "MRR": 0.0006433069938793778,
    "count": 61
  },
  "etype_EdgeShoppingCart": {
    "NDCG@10": 0.0,
    "HR@10": 0.0,
    "MRR": 0.0003998400643467903,
    "count": 3
  },
  "group_Ad": {
    "NDCG@10": 0.0,
    "HR@10": 0.0,
    "MRR": 0.0010330965742468834,
    "count": 408
  },
  "group_Browsing": {
    "NDCG@10": 0.00014543339784722775,
    "HR@10": 0.0002908667956944555,
    "MRR": 0.0005162047455087304,
    "count": 3438
  },
  "group_Search": {
    "NDCG@10": 0.0,
    "HR@10": 0.0,
    "MRR": 0.0004915387835353613,
    "count": 951
  },
  "group_Purchase": {
    "NDCG@10": 0.0,
    "HR@10": 0.0,
    "MRR": 0.0007853909628465772,
    "count": 69
  },
  "group_Others": {
    "NDCG@10": 0.0,
    "HR@10": 0.0,
    "MRR": 0.0005903613055124879,
    "count": 324
  }
}