{
  "Overall": {
    "NDCG@10": 0.39739394187927246,
    "HR@10": 0.5054687261581421,
    "MRR": 0.3694140911102295,
    "count": 6400
  },
  "etype_NativeClick": {
    "NDCG@10": 0.06540346890687943,
    "HR@10": 0.09485094994306564,
    "MRR": 0.06057495251297951,
    "count": 369
  },
  "etype_SearchClick": {
    "NDCG@10": 0.0347745418548584,
    "HR@10": 0.05128205195069313,
    "MRR": 0.03216703236103058,
    "count": 39
  },
  "etype_EdgePageTitle": {
    "NDCG@10": 0.49544557929039,
    "HR@10": 0.5886133909225464,
    "MRR": 0.4725528955459595,
    "count": 1089
  },
  "etype_EdgeSearchQuery": {
    "NDCG@10": 0.566173791885376,
    "HR@10": 0.7047619223594666,
    "MRR": 0.5317620635032654,
    "count": 105
  },
  "etype_OrganicSearchQuery": {
    "NDCG@10": 0.4958144724369049,
    "HR@10": 0.6063829660415649,
    "MRR": 0.4690884053707123,
    "count": 846
  },
  "etype_UET": {
    "NDCG@10": 0.34363749623298645,
    "HR@10": 0.4829694330692291,
    "MRR": 0.3070560395717621,
    "count": 2290
  },
  "etype_OutlookSenderDomain": {
    "NDCG@10": 0.0,
    "HR@10": 0.0,
    "MRR": 0.0003998400643467903,
    "count": 324
  },
  "etype_UETShoppingCart": {
    "NDCG@10": 0.0,
    "HR@10": 0.0,
    "MRR": 0.0003998400643467903,
    "count": 5
  },
  "etype_UETShoppingView": {
    "NDCG@10": 0.1702820360660553,
    "HR@10": 0.23728813230991364,
    "MRR": 0.15567542612552643,
    "count": 59
  },
  "etype_AbandonCart": {
    "NDCG@10": 0.0207425095140934,
    "HR@10": 0.04918032884597778,
    "MRR": 0.015637563541531563,
    "count": 61
  },
  "etype_EdgeShoppingCart": {
    "NDCG@10": 0.0,
    "HR@10": 0.0,
    "MRR": 0.0003998400643467903,
    "count": 3
  },
  "group_Ad": {
    "NDCG@10": 0.06247571110725403,
    "HR@10": 0.09068627655506134,
    "MRR": 0.05785949155688286,
    "count": 408
  },
  "group_Browsing": {
    "NDCG@10": 0.38874831795692444,
    "HR@10": 0.5122163891792297,
    "MRR": 0.35687994956970215,
    "count": 3438
  },
  "group_Search": {
    "NDCG@10": 0.5035828351974487,
    "HR@10": 0.6172450184822083,
    "MRR": 0.47600823640823364,
    "count": 951
  },
  "group_Purchase": {
    "NDCG@10": 0.018337581306695938,
    "HR@10": 0.043478261679410934,
    "MRR": 0.01387086883187294,
    "count": 69
  },
  "group_Others": {
    "NDCG@10": 0.0,
    "HR@10": 0.0,
    "MRR": 0.0003998400643467903,
    "count": 324
  }
}