{
  "Overall": {
    "NDCG@10": 0.20857951045036316,
    "HR@10": 0.24371585249900818,
    "MRR": 0.20191189646720886,
    "count": 7320
  },
  "etype_NativeClick": {
    "NDCG@10": 0.25671687722206116,
    "HR@10": 0.35679611563682556,
    "MRR": 0.23666433990001678,
    "count": 412
  },
  "etype_SearchClick": {
    "NDCG@10": 0.5628423690795898,
    "HR@10": 0.7317073345184326,
    "MRR": 0.5125076174736023,
    "count": 41
  },
  "etype_EdgePageTitle": {
    "NDCG@10": 0.2520342767238617,
    "HR@10": 0.27141714096069336,
    "MRR": 0.2487100511789322,
    "count": 1249
  },
  "etype_EdgeSearchQuery": {
    "NDCG@10": 0.30870679020881653,
    "HR@10": 0.32258063554763794,
    "MRR": 0.3071413040161133,
    "count": 124
  },
  "etype_OrganicSearchQuery": {
    "NDCG@10": 0.24651069939136505,
    "HR@10": 0.28659793734550476,
    "MRR": 0.23901565372943878,
    "count": 970
  },
  "etype_UET": {
    "NDCG@10": 0.17025800049304962,
    "HR@10": 0.1976967304944992,
    "MRR": 0.16510187089443207,
    "count": 2605
  },
  "etype_OutlookSenderDomain": {
    "NDCG@10": 0.6198527216911316,
    "HR@10": 0.7120419144630432,
    "MRR": 0.598590075969696,
    "count": 382
  },
  "etype_UETShoppingCart": {
    "NDCG@10": 0.13433441519737244,
    "HR@10": 0.4000000059604645,
    "MRR": 0.05928359553217888,
    "count": 5
  },
  "etype_UETShoppingView": {
    "NDCG@10": 0.27078887820243835,
    "HR@10": 0.34246575832366943,
    "MRR": 0.2521607279777527,
    "count": 73
  },
  "etype_AbandonCart": {
    "NDCG@10": 0.3265732526779175,
    "HR@10": 0.4027777910232544,
    "MRR": 0.30640602111816406,
    "count": 72
  },
  "etype_EdgeShoppingCart": {
    "NDCG@10": 0.3333333432674408,
    "HR@10": 0.3333333432674408,
    "MRR": 0.33865228295326233,
    "count": 3
  },
  "group_Ad": {
    "NDCG@10": 0.2844235897064209,
    "HR@10": 0.3907284736633301,
    "MRR": 0.2616302967071533,
    "count": 453
  },
  "group_Browsing": {
    "NDCG@10": 0.198136106133461,
    "HR@10": 0.22383499145507812,
    "MRR": 0.19331218302249908,
    "count": 3927
  },
  "group_Search": {
    "NDCG@10": 0.253560334444046,
    "HR@10": 0.29067641496658325,
    "MRR": 0.24673740565776825,
    "count": 1094
  },
  "group_Purchase": {
    "NDCG@10": 0.3148117959499359,
    "HR@10": 0.4000000059604645,
    "MRR": 0.29217010736465454,
    "count": 80
  },
  "group_Others": {
    "NDCG@10": 0.6198527216911316,
    "HR@10": 0.7120419144630432,
    "MRR": 0.598590075969696,
    "count": 382
  }
}