{
  "Overall": {
    "NDCG@10": 0.5736210346221924,
    "HR@10": 0.5946721434593201,
    "MRR": 0.5703610777854919,
    "count": 7320
  },
  "etype_NativeClick": {
    "NDCG@10": 0.0,
    "HR@10": 0.0,
    "MRR": 0.0009092023246921599,
    "count": 412
  },
  "etype_SearchClick": {
    "NDCG@10": 0.0,
    "HR@10": 0.0,
    "MRR": 0.0014404889661818743,
    "count": 41
  },
  "etype_EdgePageTitle": {
    "NDCG@10": 0.7422032952308655,
    "HR@10": 0.783026397228241,
    "MRR": 0.7327650189399719,
    "count": 1249
  },
  "etype_EdgeSearchQuery": {
    "NDCG@10": 0.5764228105545044,
    "HR@10": 0.6048387289047241,
    "MRR": 0.5750201344490051,
    "count": 124
  },
  "etype_OrganicSearchQuery": {
    "NDCG@10": 0.4175250232219696,
    "HR@10": 0.43195876479148865,
    "MRR": 0.41874459385871887,
    "count": 970
  },
  "etype_UET": {
    "NDCG@10": 0.6290580034255981,
    "HR@10": 0.6437619924545288,
    "MRR": 0.6271266937255859,
    "count": 2605
  },
  "etype_OutlookSenderDomain": {
    "NDCG@10": 0.0,
    "HR@10": 0.0,
    "MRR": 0.0009494916303083301,
    "count": 382
  },
  "etype_UETShoppingCart": {
    "NDCG@10": 0.0,
    "HR@10": 0.0,
    "MRR": 0.0024664944503456354,
    "count": 5
  },
  "etype_UETShoppingView": {
    "NDCG@10": 0.3722429573535919,
    "HR@10": 0.39726027846336365,
    "MRR": 0.367305189371109,
    "count": 73
  },
  "etype_AbandonCart": {
    "NDCG@10": 0.0,
    "HR@10": 0.0,
    "MRR": 0.005347785539925098,
    "count": 72
  },
  "etype_EdgeShoppingCart": {
    "NDCG@10": 0.0,
    "HR@10": 0.0,
    "MRR": 0.00569509482011199,
    "count": 3
  },
  "group_Ad": {
    "NDCG@10": 0.0,
    "HR@10": 0.0,
    "MRR": 0.0009572878479957581,
    "count": 453
  },
  "group_Browsing": {
    "NDCG@10": 0.6602704524993896,
    "HR@10": 0.6834734082221985,
    "MRR": 0.655895471572876,
    "count": 3927
  },
  "group_Search": {
    "NDCG@10": 0.43553537130355835,
    "HR@10": 0.45155394077301025,
    "MRR": 0.4364577531814575,
    "count": 1094
  },
  "group_Purchase": {
    "NDCG@10": 0.0,
    "HR@10": 0.0,
    "MRR": 0.005180728621780872,
    "count": 80
  },
  "group_Others": {
    "NDCG@10": 0.0,
    "HR@10": 0.0,
    "MRR": 0.0009494916303083301,
    "count": 382
  }
}